fold,model,MAE,RMSE,MAPE,MedAPE
1,naive,206.1842943490372,654.180311044675,11.011408696752383,7.046453156517682
1,ridge-log,104.25636955492705,631.4994793915782,4.303153483499238,1.744678651998234
1,hgb-logL2,134.49880034034055,640.6840227749452,5.7467144836398285,2.7916312399354415
1,lgbm-logL1,119.32269963376747,636.4109755379812,4.830696337811514,1.8164906801447507
2,naive,222.73121025248665,662.874707071885,10.105531489609126,6.699325989532114
2,ridge-log,140.92610505871053,624.4038268946313,6.0081722405336295,3.412509147760876
2,hgb-logL2,146.13663894127805,628.1871597632224,6.252727351695703,3.193703909150454
2,lgbm-logL1,121.9053950655177,624.7057968742257,5.3104300490007565,2.186278056581596
3,naive,229.09657316845033,670.6599545300177,10.487418950668493,6.801434855590214
3,ridge-log,110.70057720516158,634.6896263676173,4.777832232121053,1.980281967832269
3,hgb-logL2,119.76165642135665,637.9086491783617,5.177928385352795,2.3163248629217437
3,lgbm-logL1,106.60772454768671,633.9079595758591,4.66676895877778,1.9104039738110552
