date,predicted_rate
2025-12-01,818.28
2025-12-02,820.04
2025-12-03,822.35
2025-12-04,824.73
2025-12-05,822.22
2025-12-06,819.17
2025-12-07,817.82
2025-12-08,818.55
2025-12-09,820.66
2025-12-10,822.35
2025-12-11,825.06
2025-12-12,822.22
2025-12-13,818.96
2025-12-14,818.38
2025-12-15,818.9
2025-12-16,820.59
2025-12-17,822.63
2025-12-18,825.22
2025-12-19,822.35
2025-12-20,818.96
2025-12-21,818.38
2025-12-22,819.2
2025-12-23,820.7
2025-12-24,824.71
2025-12-25,825.2
2025-12-26,822.35
2025-12-27,819.87
2025-12-28,818.73
2025-12-29,819.2
2025-12-30,821.81
2025-12-31,825.06
